repository,default_score,repo_name,owner,project,score_category
https://github.com/battery-lcf/battery-archive-sandbox,0.18989,battery-lcf/battery-archive-sandbox,battery-lcf,battery-archive-sandbox,Low (0.1-0.3)
https://github.com/BattMoTeam/BattMo,0.36438,BattMoTeam/BattMo,BattMoTeam,BattMo,Medium (0.3-0.5)
https://github.com/rlogiacco/BatterySense,0.32825,rlogiacco/BatterySense,rlogiacco,BatterySense,Medium (0.3-0.5)
https://github.com/EnnoidMe/ENNOID-BMS,0.24796,EnnoidMe/ENNOID-BMS,EnnoidMe,ENNOID-BMS,Low (0.1-0.3)
https://github.com/TRI-AMDD/beep,0.41229,TRI-AMDD/beep,TRI-AMDD,beep,Medium (0.3-0.5)
https://github.com/jepegit/cellpy,0.43164,jepegit/cellpy,jepegit,cellpy,Medium (0.3-0.5)
https://github.com/pybamm-team/PyBaMM,0.55107,pybamm-team/PyBaMM,pybamm-team,PyBaMM,High (0.5-0.7)
https://github.com/foxBMS/foxbms-2,0.23852,foxBMS/foxbms-2,foxBMS,foxbms-2,Low (0.1-0.3)
https://github.com/pybamm-team/liionpack,0.42212,pybamm-team/liionpack,pybamm-team,liionpack,Medium (0.3-0.5)
https://github.com/sogno-platform/covee,0.21299,sogno-platform/covee,sogno-platform,covee,Low (0.1-0.3)
https://github.com/alliander-opensource/openstf,0.46006,alliander-opensource/openstf,alliander-opensource,openstf,Medium (0.3-0.5)
https://github.com/jbrowell/ProbCast,0.31346,jbrowell/ProbCast,jbrowell,ProbCast,Medium (0.3-0.5)
https://github.com/sogno-platform/proloaf,0.34351,sogno-platform/proloaf,sogno-platform,proloaf,Medium (0.3-0.5)
https://github.com/balmorelcommunity/Balmorel,0.32486,balmorelcommunity/Balmorel,balmorelcommunity,Balmorel,Medium (0.3-0.5)
https://github.com/OpenLEADR/openleadr-python,0.35338,OpenLEADR/openleadr-python,OpenLEADR,openleadr-python,Medium (0.3-0.5)
https://github.com/arnolddevos/CIMTool,0.19203,arnolddevos/CIMTool,arnolddevos,CIMTool,Low (0.1-0.3)
https://github.com/calliope-project/calliope,0.42095,calliope-project/calliope,calliope-project,calliope,Medium (0.3-0.5)
https://github.com/danielePala/CIMDraw,0.22204,danielePala/CIMDraw,danielePala,CIMDraw,Low (0.1-0.3)
https://github.com/quintel/etmodel,0.49985,quintel/etmodel,quintel,etmodel,Medium (0.3-0.5)
https://github.com/energyPATHWAYS/energyPATHWAYS,0.31829,energyPATHWAYS/energyPATHWAYS,energyPATHWAYS,energyPATHWAYS,Medium (0.3-0.5)
https://github.com/FZJ-IEK3-VSA/FINE,0.37817,FZJ-IEK3-VSA/FINE,FZJ-IEK3-VSA,FINE,Medium (0.3-0.5)
https://github.com/JGCRI/gcam-core,0.51856,JGCRI/gcam-core,JGCRI,gcam-core,High (0.5-0.7)
https://github.com/OSeMOSYS/OSeMOSYS,0.37383,OSeMOSYS/OSeMOSYS,OSeMOSYS,OSeMOSYS,Medium (0.3-0.5)
https://github.com/oemof/oemof,0.43406,oemof/oemof,oemof,oemof,Medium (0.3-0.5)
https://github.com/NREL-SIIP/PowerSimulations.jl,0.46353,NREL-SIIP/PowerSimulations.jl,NREL-SIIP,PowerSimulations.jl,Medium (0.3-0.5)
https://github.com/EMLab/emlab-generation,0.23344,EMLab/emlab-generation,EMLab,emlab-generation,Low (0.1-0.3)
https://github.com/Breakthrough-Energy/plug,0.25668,Breakthrough-Energy/plug,Breakthrough-Energy,plug,Low (0.1-0.3)
https://github.com/nilmtk/nilmtk,0.47164,nilmtk/nilmtk,nilmtk,nilmtk,Medium (0.3-0.5)
https://github.com/hubblo-org/scaphandre,0.41154,hubblo-org/scaphandre,hubblo-org,scaphandre,Medium (0.3-0.5)
https://github.com/wattdepot/wattdepot,0.24218,wattdepot/wattdepot,wattdepot,wattdepot,Low (0.1-0.3)
https://github.com/MATPOWER/most,0.30611,MATPOWER/most,MATPOWER,most,Medium (0.3-0.5)
https://github.com/KTH-dESA/OnSSET-2016,0.28681,KTH-dESA/OnSSET-2016,KTH-dESA,OnSSET-2016,Low (0.1-0.3)
https://github.com/bje-/NEMO,0.2631,bje-/NEMO,bje-,NEMO,Low (0.1-0.3)
https://github.com/lanl-ansi/PowerModels.jl,0.44659,lanl-ansi/PowerModels.jl,lanl-ansi,PowerModels.jl,Medium (0.3-0.5)
https://github.com/NREL/REopt_Lite_API,0.41849,NREL/REopt_Lite_API,NREL,REopt_Lite_API,Medium (0.3-0.5)
https://github.com/switch-model/switch,0.39735,switch-model/switch,switch-model,switch,Medium (0.3-0.5)
https://github.com/TemoaProject/temoa,0.41455,TemoaProject/temoa,TemoaProject,temoa,Medium (0.3-0.5)
https://github.com/tum-ewk/ficus,0.17691,tum-ewk/ficus,tum-ewk,ficus,Low (0.1-0.3)
https://github.com/tum-ens/dhmin,0.20122,tum-ens/dhmin,tum-ens,dhmin,Low (0.1-0.3)
https://github.com/adamgreenhall/minpower,0.25029,adamgreenhall/minpower,adamgreenhall,minpower,Low (0.1-0.3)
https://github.com/frkunz/stELMOD,0.20922,frkunz/stELMOD,frkunz,stELMOD,Low (0.1-0.3)
https://github.com/tum-ens/rivus,0.23798,tum-ens/rivus,tum-ens,rivus,Low (0.1-0.3)
https://github.com/tum-ens/urbs,0.39944,tum-ens/urbs,tum-ens,urbs,Medium (0.3-0.5)
https://github.com/kdmayer/3D-PV-Locator,0.23438,kdmayer/3D-PV-Locator,kdmayer,3D-PV-Locator,Low (0.1-0.3)
https://github.com/ElektrikAkar/3d_milp,0.20768,ElektrikAkar/3d_milp,ElektrikAkar,3d_milp,Low (0.1-0.3)
https://github.com/Lkruitwagen/solar-pv-global-inventory,0.25265,Lkruitwagen/solar-pv-global-inventory,Lkruitwagen,solar-pv-global-inventory,Low (0.1-0.3)
https://github.com/cuihantao/andes,0.45664,cuihantao/andes,cuihantao,andes,Medium (0.3-0.5)
https://github.com/SonyCSL/APIS,0.23463,SonyCSL/APIS,SonyCSL,APIS,Low (0.1-0.3)
https://github.com/audunarn/ANYstructure,0.33231,audunarn/ANYstructure,audunarn,ANYstructure,Medium (0.3-0.5)
https://github.com/WISDEM/AirfoilPreppy,0.31609,WISDEM/AirfoilPreppy,WISDEM,AirfoilPreppy,Medium (0.3-0.5)
https://github.com/nealde/Ampere,0.2034,nealde/Ampere,nealde,Ampere,Low (0.1-0.3)
https://github.com/RWTH-EBC/AixLib,0.46212,RWTH-EBC/AixLib,RWTH-EBC,AixLib,Medium (0.3-0.5)
https://github.com/leonardgoeke/AnyMOD.jl,0.31229,leonardgoeke/AnyMOD.jl,leonardgoeke,AnyMOD.jl,Medium (0.3-0.5)
https://github.com/AntaresSimulatorTeam/Antares_Simulator,0.46824,AntaresSimulatorTeam/Antares_Simulator,AntaresSimulatorTeam,Antares_Simulator,Medium (0.3-0.5)
https://github.com/PyPSA/atlite,0.41998,PyPSA/atlite,PyPSA,atlite,Medium (0.3-0.5)
https://github.com/BEMRosetta/BEMRosetta,0.27593,BEMRosetta/BEMRosetta,BEMRosetta,BEMRosetta,Low (0.1-0.3)
https://github.com/HIT2GAP-EU-PROJECT/bemserver,0.26119,HIT2GAP-EU-PROJECT/bemserver,HIT2GAP-EU-PROJECT,bemserver,Low (0.1-0.3)
https://github.com/LBNL-UCB-STI/beam,0.48608,LBNL-UCB-STI/beam,LBNL-UCB-STI,beam,Medium (0.3-0.5)
https://github.com/LBNL-JCI-ICF/better,0.25051,LBNL-JCI-ICF/better,LBNL-JCI-ICF,better,Low (0.1-0.3)
https://github.com/PV-Lab/BayesProcess,0.20528,PV-Lab/BayesProcess,PV-Lab,BayesProcess,Low (0.1-0.3)
https://github.com/BrickSchema/Brick,0.41478,BrickSchema/Brick,BrickSchema,Brick,Medium (0.3-0.5)
https://github.com/SNL-WaterPower/CACTUS,0.2838,SNL-WaterPower/CACTUS,SNL-WaterPower,CACTUS,Low (0.1-0.3)
https://github.com/UdK-VPT/BuildingSystems,0.38062,UdK-VPT/BuildingSystems,UdK-VPT,BuildingSystems,Medium (0.3-0.5)
https://github.com/EDF-TREE/BuildSysPro,0.32725,EDF-TREE/BuildSysPro,EDF-TREE,BuildSysPro,Medium (0.3-0.5)
https://github.com/cim-iec/CIMverter,0.24362,cim-iec/CIMverter,cim-iec,CIMverter,Low (0.1-0.3)
https://github.com/YoungFaithful/CapacityExpansion.jl,0.32993,YoungFaithful/CapacityExpansion.jl,YoungFaithful,CapacityExpansion.jl,Medium (0.3-0.5)
https://github.com/CenterForTheBuiltEnvironment/clima,0.33221,CenterForTheBuiltEnvironment/clima,CenterForTheBuiltEnvironment,clima,Medium (0.3-0.5)
https://github.com/WMD-group/CarrierCapture.jl,0.37845,WMD-group/CarrierCapture.jl,WMD-group,CarrierCapture.jl,Medium (0.3-0.5)
https://github.com/LibreSolar/charge-controller-firmware,0.30662,LibreSolar/charge-controller-firmware,LibreSolar,charge-controller-firmware,Medium (0.3-0.5)
https://github.com/mancellin/capytaine,0.43525,mancellin/capytaine,mancellin,capytaine,Medium (0.3-0.5)
https://github.com/intelligent-environments-lab/CityLearn,0.39657,intelligent-environments-lab/CityLearn,intelligent-environments-lab,CityLearn,Medium (0.3-0.5)
https://github.com/architecture-building-systems/CityEnergyAnalyst,0.54567,architecture-building-systems/CityEnergyAnalyst,architecture-building-systems,CityEnergyAnalyst,High (0.5-0.7)
https://github.com/com-pas/compas-core,0.37052,com-pas/compas-core,com-pas,compas-core,Medium (0.3-0.5)
https://github.com/oemof/DHNx,0.33561,oemof/DHNx,oemof,DHNx,Medium (0.3-0.5)
https://github.com/Azure/opendigitaltwins-energygrid,0.28509,Azure/opendigitaltwins-energygrid,Azure,opendigitaltwins-energygrid,Low (0.1-0.3)
https://github.com/IEA-Task-43/digital_wra_data_standard,0.39428,IEA-Task-43/digital_wra_data_standard,IEA-Task-43,digital_wra_data_standard,Medium (0.3-0.5)
https://github.com/energy-modelling-toolkit/Dispa-SET,0.37889,energy-modelling-toolkit/Dispa-SET,energy-modelling-toolkit,Dispa-SET,Medium (0.3-0.5)
https://github.com/ropensci/eia,0.36549,ropensci/eia,ropensci,eia,Medium (0.3-0.5)
https://github.com/EnergyTransition/ESDL,0.33283,EnergyTransition/ESDL,EnergyTransition,ESDL,Medium (0.3-0.5)
https://github.com/SanPen/ESIOS,0.2441,SanPen/ESIOS,SanPen,ESIOS,Low (0.1-0.3)
https://github.com/grid-parity-exchange/Egret,0.36895,grid-parity-exchange/Egret,grid-parity-exchange,Egret,Medium (0.3-0.5)
https://github.com/OSUKED/ElexonDataPortal,0.25741,OSUKED/ElexonDataPortal,OSUKED,ElexonDataPortal,Low (0.1-0.3)
https://github.com/openenergymonitor/EmonLib,0.338,openenergymonitor/EmonLib,openenergymonitor,EmonLib,Medium (0.3-0.5)
https://github.com/emoncms/emoncms,0.53168,emoncms/emoncms,emoncms,emoncms,High (0.5-0.7)
https://github.com/Energy-Innovation/eps-us,0.34368,Energy-Innovation/eps-us,Energy-Innovation,eps-us,Medium (0.3-0.5)
https://github.com/quintel/etengine,0.44472,quintel/etengine,quintel,etengine,Medium (0.3-0.5)
https://github.com/calliope-project/euro-calliope,0.34176,calliope-project/euro-calliope,calliope-project,euro-calliope,Medium (0.3-0.5)
https://github.com/FlexiGIS/FlexiGIS,0.30513,FlexiGIS/FlexiGIS,FlexiGIS,FlexiGIS,Medium (0.3-0.5)
https://github.com/FZJ-IEK3-VSA/glaes,0.30688,FZJ-IEK3-VSA/glaes,FZJ-IEK3-VSA,glaes,Medium (0.3-0.5)
https://github.com/GridProtectionAlliance/gsf,0.46527,GridProtectionAlliance/gsf,GridProtectionAlliance,gsf,Medium (0.3-0.5)
https://github.com/lanl-ansi/GasModels.jl,0.41548,lanl-ansi/GasModels.jl,lanl-ansi,GasModels.jl,Medium (0.3-0.5)
https://github.com/GenXProject/GenX,0.40158,GenXProject/GenX,GenXProject,GenX,Medium (0.3-0.5)
https://github.com/SmartTensors/GeoThermalCloud.jl,0.31929,SmartTensors/GeoThermalCloud.jl,SmartTensors,GeoThermalCloud.jl,Medium (0.3-0.5)
https://github.com/niclasmattsson/GlobalEnergyGIS,0.22499,niclasmattsson/GlobalEnergyGIS,niclasmattsson,GlobalEnergyGIS,Low (0.1-0.3)
https://github.com/signals-dev/GreenGuard,0.28045,signals-dev/GreenGuard,signals-dev,GreenGuard,Low (0.1-0.3)
https://github.com/gridsingularity/gsy-e,0.43945,gridsingularity/gsy-e,gridsingularity,gsy-e,Medium (0.3-0.5)
https://github.com/rte-france/Grid2Op,0.41256,rte-france/Grid2Op,rte-france,Grid2Op,Medium (0.3-0.5)
https://github.com/SanPen/GridCal,0.42969,SanPen/GridCal,SanPen,GridCal,Medium (0.3-0.5)
https://github.com/slacgismo/gridlabd,0.34457,slacgismo/gridlabd,slacgismo,gridlabd,Medium (0.3-0.5)
https://github.com/blue-marble/gridpath,0.38059,blue-marble/gridpath,blue-marble,gridpath,Medium (0.3-0.5)
https://github.com/upb-lea/gym-electric-motor,0.37379,upb-lea/gym-electric-motor,upb-lea,gym-electric-motor,Medium (0.3-0.5)
https://github.com/robinhenry/gym-anm,0.34839,robinhenry/gym-anm,robinhenry,gym-anm,Medium (0.3-0.5)
https://github.com/YingyiLiu/HAMS,0.30651,YingyiLiu/HAMS,YingyiLiu,HAMS,Medium (0.3-0.5)
https://github.com/FZJ-IEK3-VSA/HIM,0.25545,FZJ-IEK3-VSA/HIM,FZJ-IEK3-VSA,HIM,Low (0.1-0.3)
https://github.com/EcotopeResearch/HPWHsim,0.39654,EcotopeResearch/HPWHsim,EcotopeResearch,HPWHsim,Medium (0.3-0.5)
https://github.com/NREL/hescore-hpxml,0.34509,NREL/hescore-hpxml,NREL,hescore-hpxml,Medium (0.3-0.5)
https://github.com/FZJ-IEK3-VSA/HiSim,0.37386,FZJ-IEK3-VSA/HiSim,FZJ-IEK3-VSA,HiSim,Medium (0.3-0.5)
https://github.com/HotMaps/Hotmaps-toolbox-service,0.31672,HotMaps/Hotmaps-toolbox-service,HotMaps,Hotmaps-toolbox-service,Medium (0.3-0.5)
https://github.com/hyphae/APIS,0.32491,hyphae/APIS,hyphae,APIS,Medium (0.3-0.5)
https://github.com/open-ideas/IDEAS,0.47953,open-ideas/IDEAS,open-ideas,IDEAS,Medium (0.3-0.5)
https://github.com/IEAWindTask37/IEA-15-240-RWT,0.35596,IEAWindTask37/IEA-15-240-RWT,IEAWindTask37,IEA-15-240-RWT,Medium (0.3-0.5)
https://github.com/beanit/iec61850bean,0.30237,beanit/iec61850bean,beanit,iec61850bean,Medium (0.3-0.5)
https://github.com/NREL/Industry-Energy-Tool,0.23331,NREL/Industry-Energy-Tool,NREL,Industry-Energy-Tool,Low (0.1-0.3)
https://github.com/PerovskiteSCModelling/IonMonger,0.21907,PerovskiteSCModelling/IonMonger,PerovskiteSCModelling,IonMonger,Low (0.1-0.3)
https://github.com/NREL-SIIP/InfrastructureSystems.jl,0.44788,NREL-SIIP/InfrastructureSystems.jl,NREL-SIIP,InfrastructureSystems.jl,Medium (0.3-0.5)
https://github.com/lionsimbatoolbox/LIONSIMBA,0.21618,lionsimbatoolbox/LIONSIMBA,lionsimbatoolbox,LIONSIMBA,Low (0.1-0.3)
https://github.com/JuliaEnergy/Joulia.jl,0.18681,JuliaEnergy/Joulia.jl,JuliaEnergy,Joulia.jl,Low (0.1-0.3)
https://github.com/WISDEM/LandBOSSE,0.37921,WISDEM/LandBOSSE,WISDEM,LandBOSSE,Medium (0.3-0.5)
https://github.com/LibreSolar/bms-firmware,0.31535,LibreSolar/bms-firmware,LibreSolar,bms-firmware,Medium (0.3-0.5)
https://github.com/FZJ-IEK3-VSA/LoadProfileGenerator,0.26601,FZJ-IEK3-VSA/LoadProfileGenerator,FZJ-IEK3-VSA,LoadProfileGenerator,Low (0.1-0.3)
https://github.com/iiasa/message_ix,0.43411,iiasa/message_ix,iiasa,message_ix,Medium (0.3-0.5)
https://github.com/lbl-srg/MPCPy,0.34541,lbl-srg/MPCPy,lbl-srg,MPCPy,Medium (0.3-0.5)
https://github.com/MHKiT-Software/MHKiT-Python,0.39392,MHKiT-Software/MHKiT-Python,MHKiT-Software,MHKiT-Python,Medium (0.3-0.5)
https://github.com/danjulio/MPPT-Solar-Charger,0.25007,danjulio/MPPT-Solar-Charger,danjulio,MPPT-Solar-Charger,Low (0.1-0.3)
https://github.com/ColasGael/Machine-Learning-for-Solar-Energy-Prediction,0.2019,ColasGael/Machine-Learning-for-Solar-Energy-Prediction,ColasGael,Machine-Learning-for-Solar-Energy-Prediction,Low (0.1-0.3)
https://github.com/rl-institut/multi-vector-simulator,0.38426,rl-institut/multi-vector-simulator,rl-institut,multi-vector-simulator,Medium (0.3-0.5)
https://github.com/volkszaehler/mbmd,0.32738,volkszaehler/mbmd,volkszaehler,mbmd,Medium (0.3-0.5)
https://github.com/LBNL-ETA/MSWH,0.30198,LBNL-ETA/MSWH,LBNL-ETA,MSWH,Medium (0.3-0.5)
https://github.com/NREL/NRWAL,0.35306,NREL/NRWAL,NREL,NRWAL,Medium (0.3-0.5)
https://github.com/lbl-srg/modelica-buildings,0.53435,lbl-srg/modelica-buildings,lbl-srg,modelica-buildings,High (0.5-0.7)
https://github.com/m4rz910/NYISOToolkit,0.23474,m4rz910/NYISOToolkit,m4rz910,NYISOToolkit,Low (0.1-0.3)
https://github.com/mdh266/NYCBuildingEnergyUse,0.24811,mdh266/NYCBuildingEnergyUse,mdh266,NYCBuildingEnergyUse,Low (0.1-0.3)
https://github.com/ECSIM/opem,0.34891,ECSIM/opem,ECSIM,opem,Medium (0.3-0.5)
https://github.com/WISDEM/ORBIT,0.38519,WISDEM/ORBIT,WISDEM,ORBIT,Medium (0.3-0.5)
https://github.com/EPGOxford/OPEN,0.26488,EPGOxford/OPEN,EPGOxford,OPEN,Low (0.1-0.3)
https://github.com/OpenEnergyPlatform/oeplatform,0.51382,OpenEnergyPlatform/oeplatform,OpenEnergyPlatform,oeplatform,High (0.5-0.7)
https://github.com/openeemeter/eemeter,0.42056,openeemeter/eemeter,openeemeter,eemeter,Medium (0.3-0.5)
https://github.com/dpinney/omf,0.35876,dpinney/omf,dpinney,omf,Medium (0.3-0.5)
https://github.com/OpenEMS/openems,0.56394,OpenEMS/openems,OpenEMS,openems,High (0.5-0.7)
https://github.com/OpenMDAO/OpenMDAO,0.53705,OpenMDAO/OpenMDAO,OpenMDAO,OpenMDAO,High (0.5-0.7)
https://github.com/OpenIPSL/OpenIPSL,0.39317,OpenIPSL/OpenIPSL,OpenIPSL,OpenIPSL,Medium (0.3-0.5)
https://github.com/OpenModelica/OpenModelica,0.59711,OpenModelica/OpenModelica,OpenModelica,OpenModelica,High (0.5-0.7)
https://github.com/opennem/opennem-fe,0.36797,opennem/opennem-fe,opennem,opennem-fe,Medium (0.3-0.5)
https://github.com/NREL/OpenOA,0.39566,NREL/OpenOA,NREL,OpenOA,Medium (0.3-0.5)
https://github.com/NREL/OpenStudio-ERI,0.49976,NREL/OpenStudio-ERI,NREL,OpenStudio-ERI,Medium (0.3-0.5)
https://github.com/NREL/OpenStudio-HPXML,0.50734,NREL/OpenStudio-HPXML,NREL,OpenStudio-HPXML,High (0.5-0.7)
https://github.com/NREL/OpenStudio,0.56265,NREL/OpenStudio,NREL,OpenStudio,High (0.5-0.7)
https://github.com/Planheat/Planheat-Tool,0.22667,Planheat/Planheat-Tool,Planheat,Planheat-Tool,Low (0.1-0.3)
https://github.com/richard-weinhold/pomato,0.33951,richard-weinhold/pomato,richard-weinhold,pomato,Medium (0.3-0.5)
https://github.com/Thales1330/PSP,0.29507,Thales1330/PSP,Thales1330,PSP,Low (0.1-0.3)
https://github.com/BreakingBytes/pvfree,0.30823,BreakingBytes/pvfree,BreakingBytes,pvfree,Medium (0.3-0.5)
https://github.com/kdmayer/PV4GER,0.23438,kdmayer/PV4GER,kdmayer,PV4GER,Low (0.1-0.3)
https://github.com/NREL/PV_ICE,0.34002,NREL/PV_ICE,NREL,PV_ICE,Medium (0.3-0.5)
https://github.com/SunPower/PVMismatch,0.36206,SunPower/PVMismatch,SunPower,PVMismatch,Medium (0.3-0.5)
https://github.com/RentadroneCL/Photovoltaic_Fault_Detector,0.28192,RentadroneCL/Photovoltaic_Fault_Detector,RentadroneCL,Photovoltaic_Fault_Detector,Low (0.1-0.3)
https://github.com/kamal0013/PowNet,0.34965,kamal0013/PowNet,kamal0013,PowNet,Medium (0.3-0.5)
https://github.com/sogno-platform/pintura,0.28246,sogno-platform/pintura,sogno-platform,pintura,Low (0.1-0.3)
https://github.com/powsybl/powsybl-open-loadflow,0.38763,powsybl/powsybl-open-loadflow,powsybl,powsybl-open-loadflow,Medium (0.3-0.5)
https://github.com/OSUKED/Power-Station-Dictionary,0.2776,OSUKED/Power-Station-Dictionary,OSUKED,Power-Station-Dictionary,Low (0.1-0.3)
https://github.com/powsybl/powsybl-core,0.46426,powsybl/powsybl-core,powsybl,powsybl-core,Medium (0.3-0.5)
https://github.com/JuliaEnergy/PowerDynamics.jl,0.44445,JuliaEnergy/PowerDynamics.jl,JuliaEnergy,PowerDynamics.jl,Medium (0.3-0.5)
https://github.com/PowerGenome/PowerGenome,0.36686,PowerGenome/PowerGenome,PowerGenome,PowerGenome,Medium (0.3-0.5)
https://github.com/flexiblepower/powermatcher,0.37171,flexiblepower/powermatcher,flexiblepower,powermatcher,Medium (0.3-0.5)
https://github.com/lanl-ansi/PowerModelsAnnex.jl,0.41559,lanl-ansi/PowerModelsAnnex.jl,lanl-ansi,PowerModelsAnnex.jl,Medium (0.3-0.5)
https://github.com/ie3-institute/PowerSystemDataModel,0.41875,ie3-institute/PowerSystemDataModel,ie3-institute,PowerSystemDataModel,Medium (0.3-0.5)
https://github.com/NREL-SIIP/PowerSystems.jl,0.44696,NREL-SIIP/PowerSystems.jl,NREL-SIIP,PowerSystems.jl,Medium (0.3-0.5)
https://github.com/powertac/powertac-server,0.42003,powertac/powertac-server,powertac,powertac-server,Medium (0.3-0.5)
https://github.com/pypsa-meets-africa/pypsa-africa,0.47024,pypsa-meets-africa/pypsa-africa,pypsa-meets-africa,pypsa-africa,Medium (0.3-0.5)
https://github.com/PyPSA/pypsa-eur-sec,0.41552,PyPSA/pypsa-eur-sec,PyPSA,pypsa-eur-sec,Medium (0.3-0.5)
https://github.com/pingswept/pysolar,0.39964,pingswept/pysolar,pingswept,pysolar,Medium (0.3-0.5)
https://github.com/RAMP-project/RAMP-mobility,0.3028,RAMP-project/RAMP-mobility,RAMP-project,RAMP-mobility,Medium (0.3-0.5)
https://github.com/RAMP-project/RAMP,0.36282,RAMP-project/RAMP,RAMP-project,RAMP,Medium (0.3-0.5)
https://github.com/architecture-building-systems/RC_BuildingSimulator,0.30922,architecture-building-systems/RC_BuildingSimulator,architecture-building-systems,RC_BuildingSimulator,Medium (0.3-0.5)
https://github.com/FZJ-IEK3-VSA/RESKit,0.34079,FZJ-IEK3-VSA/RESKit,FZJ-IEK3-VSA,RESKit,Medium (0.3-0.5)
https://github.com/GridProtectionAlliance/SIEGate,0.34916,GridProtectionAlliance/SIEGate,GridProtectionAlliance,SIEGate,Medium (0.3-0.5)
https://github.com/SEED-platform/seed,0.48554,SEED-platform/seed,SEED-platform,seed,Medium (0.3-0.5)
https://github.com/ImperialCollegeLondon/sharpy,0.40112,ImperialCollegeLondon/sharpy,ImperialCollegeLondon,sharpy,Medium (0.3-0.5)
https://github.com/ozsolarwind/siren,0.25462,ozsolarwind/siren,ozsolarwind,siren,Low (0.1-0.3)
https://github.com/davidhowey/SLIDE,0.22845,davidhowey/SLIDE,davidhowey,SLIDE,Low (0.1-0.3)
https://github.com/openenergymonitor/STM32,0.27893,openenergymonitor/STM32,openenergymonitor,STM32,Low (0.1-0.3)
https://github.com/e2nIEE/simbench,0.29066,e2nIEE/simbench,e2nIEE,simbench,Low (0.1-0.3)
https://github.com/SolarArbiter/solarforecastarbiter-core,0.33311,SolarArbiter/solarforecastarbiter-core,SolarArbiter,solarforecastarbiter-core,Medium (0.3-0.5)
https://github.com/NREL/SolTrace,0.35936,NREL/SolTrace,NREL,SolTrace,Medium (0.3-0.5)
https://github.com/openclimatefix/nowcasting,0.32216,openclimatefix/nowcasting,openclimatefix,nowcasting,Medium (0.3-0.5)
https://github.com/NREL/SolarPILOT,0.31027,NREL/SolarPILOT,NREL,SolarPILOT,Medium (0.3-0.5)
https://github.com/dazhiyang/SolarData,0.19786,dazhiyang/SolarData,dazhiyang,SolarData,Low (0.1-0.3)
https://github.com/tdcosim/SolarPV-DER-simulation-tool,0.25141,tdcosim/SolarPV-DER-simulation-tool,tdcosim,SolarPV-DER-simulation-tool,Low (0.1-0.3)
https://github.com/tdcosim/SolarPV-DER-simulation-utility,0.25141,tdcosim/SolarPV-DER-simulation-utility,tdcosim,SolarPV-DER-simulation-utility,Low (0.1-0.3)
https://github.com/SolarTherm/SolarTherm,0.41383,SolarTherm/SolarTherm,SolarTherm,SolarTherm,Medium (0.3-0.5)
https://github.com/Spine-project/Spine-Toolbox,0.48252,Spine-project/Spine-Toolbox,Spine-project,Spine-Toolbox,Medium (0.3-0.5)
https://github.com/slacgismo/StatisticalClearSky,0.30884,slacgismo/StatisticalClearSky,slacgismo,StatisticalClearSky,Medium (0.3-0.5)
https://github.com/NREL/SAM,0.49307,NREL/SAM,NREL,SAM,Medium (0.3-0.5)
https://github.com/buds-lab/building-data-genome-project-2,0.24686,buds-lab/building-data-genome-project-2,buds-lab,building-data-genome-project-2,Low (0.1-0.3)
https://github.com/NREL/dgen,0.35633,NREL/dgen,NREL,dgen,Medium (0.3-0.5)
https://github.com/emma-model/EMMA,0.1966,emma-model/EMMA,emma-model,EMMA,Low (0.1-0.3)
https://github.com/sandialabs/hyram,0.30021,sandialabs/hyram,sandialabs,hyram,Medium (0.3-0.5)
https://github.com/NewMotion/ocpp,0.3111,NewMotion/ocpp,NewMotion,ocpp,Medium (0.3-0.5)
https://github.com/IDAES/idaes-pse,0.45724,IDAES/idaes-pse,IDAES,idaes-pse,Medium (0.3-0.5)
https://github.com/buds-lab/the-building-data-genome-project,0.29665,buds-lab/the-building-data-genome-project,buds-lab,the-building-data-genome-project,Low (0.1-0.3)
https://github.com/catalyst-cooperative/pudl,0.4815,catalyst-cooperative/pudl,catalyst-cooperative,pudl,Medium (0.3-0.5)
https://github.com/ecmwf-projects/thermofeel,0.30475,ecmwf-projects/thermofeel,ecmwf-projects,thermofeel,Medium (0.3-0.5)
https://github.com/holgerteichgraeber/TimeSeriesClustering.jl,0.33723,holgerteichgraeber/TimeSeriesClustering.jl,holgerteichgraeber,TimeSeriesClustering.jl,Medium (0.3-0.5)
https://github.com/iat-cener/tonatiuh,0.30869,iat-cener/tonatiuh,iat-cener,tonatiuh,Medium (0.3-0.5)
https://github.com/transportenergy/database,0.36688,transportenergy/database,transportenergy,database,Medium (0.3-0.5)
https://github.com/RamiKrispin/UKgrid,0.19412,RamiKrispin/UKgrid,RamiKrispin,UKgrid,Low (0.1-0.3)
https://github.com/RamiKrispin/USgrid,0.19913,RamiKrispin/USgrid,RamiKrispin,USgrid,Low (0.1-0.3)
https://github.com/slacgismo/TESS,0.26496,slacgismo/TESS,slacgismo,TESS,Low (0.1-0.3)
https://github.com/gsoh/VED,0.18853,gsoh/VED,gsoh,VED,Low (0.1-0.3)
https://github.com/WEC-Sim/WEC-Sim,0.48487,WEC-Sim/WEC-Sim,WEC-Sim,WEC-Sim,Medium (0.3-0.5)
https://github.com/VOLTTRON/volttron,0.50339,VOLTTRON/volttron,VOLTTRON,volttron,High (0.5-0.7)
https://github.com/OpenChargingCloud/WWCP_Core,0.30371,OpenChargingCloud/WWCP_Core,OpenChargingCloud,WWCP_Core,Medium (0.3-0.5)
https://github.com/WISDEM/WEIS,0.48193,WISDEM/WEIS,WISDEM,WEIS,Medium (0.3-0.5)
https://github.com/OpenChargingCloud/WWCP_OCPP,0.29335,OpenChargingCloud/WWCP_OCPP,OpenChargingCloud,WWCP_OCPP,Low (0.1-0.3)
https://github.com/SNL-WaterPower/WecOptTool,0.23226,SNL-WaterPower/WecOptTool,SNL-WaterPower,WecOptTool,Low (0.1-0.3)
https://github.com/NREL/WindSE,0.29714,NREL/WindSE,NREL,WindSE,Low (0.1-0.3)
https://github.com/nmstreethran/WindTurbineClassification,0.22141,nmstreethran/WindTurbineClassification,nmstreethran,WindTurbineClassification,Low (0.1-0.3)
https://github.com/rte-antares-rpackage/antaresRead,0.39643,rte-antares-rpackage/antaresRead,rte-antares-rpackage,antaresRead,Medium (0.3-0.5)
https://github.com/Exawind/amr-wind,0.44748,Exawind/amr-wind,Exawind,amr-wind,Medium (0.3-0.5)
https://github.com/rte-antares-rpackage/antaresViz,0.40188,rte-antares-rpackage/antaresViz,rte-antares-rpackage,antaresViz,Medium (0.3-0.5)
https://github.com/PV-Lab/autoXRD,0.20025,PV-Lab/autoXRD,PV-Lab,autoXRD,Low (0.1-0.3)
https://github.com/awebox/awebox,0.34936,awebox/awebox,awebox,awebox,Medium (0.3-0.5)
https://github.com/NREL/bifacial_radiance,0.42066,NREL/bifacial_radiance,NREL,bifacial_radiance,Medium (0.3-0.5)
https://github.com/BioSTEAMDevelopmentGroup/biosteam,0.43536,BioSTEAMDevelopmentGroup/biosteam,BioSTEAMDevelopmentGroup,biosteam,Medium (0.3-0.5)
https://github.com/NREL/bifacialvf,0.3223,NREL/bifacialvf,NREL,bifacialvf,Medium (0.3-0.5)
https://github.com/brightwind-dev/brightwind,0.36942,brightwind-dev/brightwind,brightwind-dev,brightwind,Medium (0.3-0.5)
https://github.com/Open-Power-System-Data/conventional_power_plants,0.31406,Open-Power-System-Data/conventional_power_plants,Open-Power-System-Data,conventional_power_plants,Medium (0.3-0.5)
https://github.com/CenterForTheBuiltEnvironment/comfort_tool,0.3704,CenterForTheBuiltEnvironment/comfort_tool,CenterForTheBuiltEnvironment,comfort_tool,Medium (0.3-0.5)
https://github.com/reegis/deflex,0.31749,reegis/deflex,reegis,deflex,Medium (0.3-0.5)
https://github.com/DemandRegioTeam/disaggregator,0.2841,DemandRegioTeam/disaggregator,DemandRegioTeam,disaggregator,Low (0.1-0.3)
https://github.com/oemof/demandlib,0.42382,oemof/demandlib,oemof,demandlib,Medium (0.3-0.5)
https://github.com/NewMotion/docile-charge-point,0.23346,NewMotion/docile-charge-point,NewMotion,docile-charge-point,Low (0.1-0.3)
https://github.com/systemcatch/eiapy,0.2367,systemcatch/eiapy,systemcatch,eiapy,Low (0.1-0.3)
https://github.com/openego/eDisGo/,0.42812,openego/eDisGo,openego,eDisGo,Medium (0.3-0.5)
https://github.com/openenergymonitor/emonpi,0.42617,openenergymonitor/emonpi,openenergymonitor,emonpi,Medium (0.3-0.5)
https://github.com/SAP/emobility-smart-charging,0.36002,SAP/emobility-smart-charging,SAP,emobility-smart-charging,Medium (0.3-0.5)
https://github.com/tmrowco/electricitymap-contrib,0.50115,tmrowco/electricitymap-contrib,tmrowco,electricitymap-contrib,High (0.5-0.7)
https://github.com/ADGEfficiency/energy-py,0.24724,ADGEfficiency/energy-py,ADGEfficiency,energy-py,Low (0.1-0.3)
https://github.com/energyRt/energyRt/,0.27845,energyRt/energyRt,energyRt,energyRt,Low (0.1-0.3)
https://github.com/Energy-Sparks/energy-sparks,0.39828,Energy-Sparks/energy-sparks,Energy-Sparks,energy-sparks,Medium (0.3-0.5)
https://github.com/EnergieID/entsoe-py,0.46402,EnergieID/entsoe-py,EnergieID,entsoe-py,Medium (0.3-0.5)
https://github.com/batterysim/equiv-circ-model,0.2303,batterysim/equiv-circ-model,batterysim,equiv-circ-model,Low (0.1-0.3)
https://github.com/hongyuanjia/eplusr,0.27991,hongyuanjia/eplusr,hongyuanjia,eplusr,Low (0.1-0.3)
https://github.com/oemof/feedinlib,0.36899,oemof/feedinlib,oemof,feedinlib,Medium (0.3-0.5)
https://github.com/ICWallis/fractoolbox,0.24506,ICWallis/fractoolbox,ICWallis,fractoolbox,Low (0.1-0.3)
https://github.com/NREL/floris,0.47207,NREL/floris,NREL,floris,Medium (0.3-0.5)
https://github.com/Japhiolite/geothermics,0.26416,Japhiolite/geothermics,Japhiolite,geothermics,Low (0.1-0.3)
https://github.com/voltbras/go-ocpp,0.23837,voltbras/go-ocpp,voltbras,go-ocpp,Low (0.1-0.3)
https://github.com/ECSIM/gopem,0.31434,ECSIM/gopem,ECSIM,gopem,Medium (0.3-0.5)
https://github.com/ladybug-tools/honeybee,0.42453,ladybug-tools/honeybee,ladybug-tools,honeybee,Medium (0.3-0.5)
https://github.com/RE-Lab-Projects/hplib,0.25728,RE-Lab-Projects/hplib,RE-Lab-Projects,hplib,Low (0.1-0.3)
https://github.com/hydro-python/hydropowerlib,0.23642,hydro-python/hydropowerlib,hydro-python,hydropowerlib,Low (0.1-0.3)
https://github.com/ECSHackWeek/impedance.py,0.39818,ECSHackWeek/impedance.py,ECSHackWeek,impedance.py,Medium (0.3-0.5)
https://github.com/mz-automation/lib60870.NET,0.29723,mz-automation/lib60870.NET,mz-automation,lib60870.NET,Low (0.1-0.3)
https://github.com/mz-automation/lib60870,0.378,mz-automation/lib60870,mz-automation,lib60870,Medium (0.3-0.5)
https://github.com/sogno-platform/libcimpp,0.34346,sogno-platform/libcimpp,sogno-platform,libcimpp,Medium (0.3-0.5)
https://github.com/mz-automation/libiec61850,0.46621,mz-automation/libiec61850,mz-automation,libiec61850,Medium (0.3-0.5)
https://github.com/pyaf/load_forecasting,0.24421,pyaf/load_forecasting,pyaf,load_forecasting,Low (0.1-0.3)
https://github.com/google/makani,0.21056,google/makani,google,makani,Low (0.1-0.3)
https://github.com/ibpsa/modelica-ibpsa,0.47442,ibpsa/modelica-ibpsa,ibpsa,modelica-ibpsa,Medium (0.3-0.5)
https://github.com/charxie/multiphysics,0.24389,charxie/multiphysics,charxie,multiphysics,Low (0.1-0.3)
https://github.com/UNSW-CEEM/nempy,0.2852,UNSW-CEEM/nempy,UNSW-CEEM,nempy,Low (0.1-0.3)
https://github.com/chargeprice/open-ev-data,0.28179,chargeprice/open-ev-data,chargeprice,open-ev-data,Low (0.1-0.3)
https://github.com/OpenEnergyPlatform/open-MaStR,0.42681,OpenEnergyPlatform/open-MaStR,OpenEnergyPlatform,open-MaStR,Medium (0.3-0.5)
https://github.com/rl-institut/offgridders,0.28768,rl-institut/offgridders,rl-institut,offgridders,Low (0.1-0.3)
https://github.com/openCEMorg/openCEM,0.31125,openCEMorg/openCEM,openCEMorg,openCEM,Medium (0.3-0.5)
https://github.com/openENTRANCE/nomenclature,0.3531,openENTRANCE/nomenclature,openENTRANCE,nomenclature,Medium (0.3-0.5)
https://github.com/GridProtectionAlliance/openHistorian,0.43689,GridProtectionAlliance/openHistorian,GridProtectionAlliance,openHistorian,Medium (0.3-0.5)
https://github.com/GridProtectionAlliance/openMIC,0.35945,GridProtectionAlliance/openMIC,GridProtectionAlliance,openMIC,Medium (0.3-0.5)
https://github.com/IIT-EnergySystemModels/openTEPES,0.39346,IIT-EnergySystemModels/openTEPES,IIT-EnergySystemModels,openTEPES,Medium (0.3-0.5)
https://github.com/GridProtectionAlliance/openPDC,0.42715,GridProtectionAlliance/openPDC,GridProtectionAlliance,openPDC,Medium (0.3-0.5)
https://github.com/upb-lea/openmodelica-microgrid-gym,0.31017,upb-lea/openmodelica-microgrid-gym,upb-lea,openmodelica-microgrid-gym,Medium (0.3-0.5)
https://github.com/OpenFAST/openfast,0.52425,OpenFAST/openfast,OpenFAST,openfast,High (0.5-0.7)
https://github.com/GridProtectionAlliance/openXDA,0.4291,GridProtectionAlliance/openXDA,GridProtectionAlliance,openXDA,Medium (0.3-0.5)
https://github.com/e2nIEE/pandapipes,0.44358,e2nIEE/pandapipes,e2nIEE,pandapipes,Medium (0.3-0.5)
https://github.com/energywebfoundation/origin,0.42453,energywebfoundation/origin,energywebfoundation,origin,Medium (0.3-0.5)
https://github.com/e2nIEE/pandapower,0.55512,e2nIEE/pandapower,e2nIEE,pandapower,High (0.5-0.7)
https://github.com/pvedu/photovoltaic,0.2482,pvedu/photovoltaic,pvedu,photovoltaic,Low (0.1-0.3)
https://github.com/gurbyz/power-wheel-card,0.2535,gurbyz/power-wheel-card,gurbyz,power-wheel-card,Low (0.1-0.3)
https://github.com/FRESNA/powerplantmatching,0.37332,FRESNA/powerplantmatching,FRESNA,powerplantmatching,Medium (0.3-0.5)
https://github.com/openclimatefix/predict_pv_yield,0.26657,openclimatefix/predict_pv_yield,openclimatefix,predict_pv_yield,Low (0.1-0.3)
https://github.com/ibpsa/project1,0.44503,ibpsa/project1,ibpsa,project1,Medium (0.3-0.5)
https://github.com/slacgismo/pv-system-profiler,0.29692,slacgismo/pv-system-profiler,slacgismo,pv-system-profiler,Low (0.1-0.3)
https://github.com/DuraMAT/pv-terms,0.26442,DuraMAT/pv-terms,DuraMAT,pv-terms,Low (0.1-0.3)
https://github.com/pvlib/pvanalytics,0.35954,pvlib/pvanalytics,pvlib,pvanalytics,Medium (0.3-0.5)
https://github.com/pvcaptest/pvcaptest,0.29246,pvcaptest/pvcaptest,pvcaptest,pvcaptest,Low (0.1-0.3)
https://github.com/greco-project/pvcompare,0.33738,greco-project/pvcompare,greco-project,pvcompare,Medium (0.3-0.5)
https://github.com/SunPower/pvfactors,0.31246,SunPower/pvfactors,SunPower,pvfactors,Medium (0.3-0.5)
https://github.com/pvlib/pvlib-python,0.5197,pvlib/pvlib-python,pvlib,pvlib-python,High (0.5-0.7)
https://github.com/danieljfarrell/pvtrace,0.29143,danieljfarrell/pvtrace,danieljfarrell,pvtrace,Low (0.1-0.3)
https://github.com/openclimatefix/pvoutput,0.36552,openclimatefix/pvoutput,openclimatefix,pvoutput,Medium (0.3-0.5)
https://github.com/RWTH-EBC/pyCity,0.32231,RWTH-EBC/pyCity,RWTH-EBC,pyCity,Medium (0.3-0.5)
https://github.com/thomastu/pyEIA,0.23262,thomastu/pyEIA,thomastu,pyEIA,Low (0.1-0.3)
https://github.com/tum-ens/pyGRETA,0.28668,tum-ens/pyGRETA,tum-ens,pyGRETA,Low (0.1-0.3)
https://github.com/MassimoCimmino/pygfunction,0.36108,MassimoCimmino/pygfunction,MassimoCimmino,pygfunction,Medium (0.3-0.5)
https://github.com/IAMconsortium/pyam,0.42011,IAMconsortium/pyam,IAMconsortium,pyam,Medium (0.3-0.5)
https://github.com/Total-RD/pymgrid,0.31762,Total-RD/pymgrid,Total-RD,pymgrid,Medium (0.3-0.5)
https://github.com/MarvinLer/pypownet,0.29403,MarvinLer/pypownet,MarvinLer,pypownet,Low (0.1-0.3)
https://github.com/qpv-research-group/rayflare,0.30719,qpv-research-group/rayflare,qpv-research-group,rayflare,Medium (0.3-0.5)
https://github.com/NREL/rdtools,0.41608,NREL/rdtools,NREL,rdtools,Medium (0.3-0.5)
https://github.com/NREL/reV,0.45075,NREL/reV,NREL,reV,Medium (0.3-0.5)
https://github.com/NREL/reVX,0.39482,NREL/reVX,NREL,reVX,Medium (0.3-0.5)
https://github.com/Open-Power-System-Data/renewable_power_plants,0.31643,Open-Power-System-Data/renewable_power_plants,Open-Power-System-Data,renewable_power_plants,Medium (0.3-0.5)
https://github.com/NREL/resstock,0.50245,NREL/resstock,NREL,resstock,High (0.5-0.7)
https://github.com/IBM/rl-testbed-for-energyplus,0.35137,IBM/rl-testbed-for-energyplus,IBM,rl-testbed-for-energyplus,Medium (0.3-0.5)
https://github.com/snl-quest/snl-quest,0.3022,snl-quest/snl-quest,snl-quest,snl-quest,Medium (0.3-0.5)
https://github.com/oscarperpinan/solar,0.28144,oscarperpinan/solar,oscarperpinan,solar,Low (0.1-0.3)
https://github.com/slacgismo/solar-data-tools,0.37164,slacgismo/solar-data-tools,slacgismo,solar-data-tools,Medium (0.3-0.5)
https://github.com/meltaxa/solariot,0.34894,meltaxa/solariot,meltaxa,solariot,Medium (0.3-0.5)
https://github.com/aqreed/solarpy,0.21613,aqreed/solarpy,aqreed,solarpy,Low (0.1-0.3)
https://github.com/squishykid/solax,0.40656,squishykid/solax,squishykid,solax,Medium (0.3-0.5)
https://github.com/qpv-research-group/solcore5,0.37107,qpv-research-group/solcore5,qpv-research-group,solcore5,Medium (0.3-0.5)
https://github.com/TEB-model/teb,0.23462,TEB-model/teb,TEB-model,teb,Low (0.1-0.3)
https://github.com/oemof/tespy,0.46974,oemof/tespy,oemof,tespy,Medium (0.3-0.5)
https://github.com/CalebBell/thermo,0.39064,CalebBell/thermo,CalebBell,thermo,Medium (0.3-0.5)
https://github.com/Open-Power-System-Data/time_series,0.30622,Open-Power-System-Data/time_series,Open-Power-System-Data,time_series,Medium (0.3-0.5)
https://github.com/FZJ-IEK3-VSA/tsam,0.40576,FZJ-IEK3-VSA/tsam,FZJ-IEK3-VSA,tsam,Medium (0.3-0.5)
https://github.com/FZJ-IEK3-VSA/tsib,0.27226,FZJ-IEK3-VSA/tsib,FZJ-IEK3-VSA,tsib,Low (0.1-0.3)
https://github.com/Samuel-Buteau/universal-battery-database,0.2273,Samuel-Buteau/universal-battery-database,Samuel-Buteau,universal-battery-database,Low (0.1-0.3)
https://github.com/turbinesFoam/turbinesFoam,0.36132,turbinesFoam/turbinesFoam,turbinesFoam,turbinesFoam,Medium (0.3-0.5)
https://github.com/waiwera/waiwera,0.33234,waiwera/waiwera,waiwera,waiwera,Medium (0.3-0.5)
https://github.com/PyPSA/whobs-server,0.24529,PyPSA/whobs-server,PyPSA,whobs-server,Low (0.1-0.3)
https://github.com/python-windrose/windrose,0.39824,python-windrose/windrose,python-windrose,windrose,Medium (0.3-0.5)
https://github.com/lkev/wtphm,0.2069,lkev/wtphm,lkev,wtphm,Low (0.1-0.3)
https://github.com/flexiblepower/fpai-core,0.30546,flexiblepower/fpai-core,flexiblepower,fpai-core,Medium (0.3-0.5)
https://github.com/opfab/operatorfabric-core,0.46178,opfab/operatorfabric-core,opfab,operatorfabric-core,Medium (0.3-0.5)
https://github.com/OSGP/open-smart-grid-platform,0.50602,OSGP/open-smart-grid-platform,OSGP,open-smart-grid-platform,High (0.5-0.7)
https://github.com/RIAPS/riaps-core,0.31086,RIAPS/riaps-core,RIAPS,riaps-core,Medium (0.3-0.5)
https://github.com/sogno-platform/dpsim,0.42859,sogno-platform/dpsim,sogno-platform,dpsim,Medium (0.3-0.5)
https://github.com/renewables-ninja/gsee,0.27198,renewables-ninja/gsee,renewables-ninja,gsee,Low (0.1-0.3)
https://github.com/GMLC-TDC/HELICS,0.44698,GMLC-TDC/HELICS,GMLC-TDC,HELICS,Medium (0.3-0.5)
https://github.com/rwl/PYPOWER,0.35183,rwl/PYPOWER,rwl,PYPOWER,Medium (0.3-0.5)
https://github.com/MATPOWER/matpower,0.43318,MATPOWER/matpower,MATPOWER,matpower,Medium (0.3-0.5)
https://github.com/Breakthrough-Energy/PowerSimData,0.34374,Breakthrough-Energy/PowerSimData,Breakthrough-Energy,PowerSimData,Medium (0.3-0.5)
https://github.com/NREL-SIIP/PowerSimulationsDynamics.jl,0.36061,NREL-SIIP/PowerSimulationsDynamics.jl,NREL-SIIP,PowerSimulationsDynamics.jl,Medium (0.3-0.5)
https://github.com/PyPSA/pypsa-eur,0.51707,PyPSA/pypsa-eur,PyPSA,pypsa-eur,High (0.5-0.7)
https://github.com/PyPSA/PyPSA,0.54554,PyPSA/PyPSA,PyPSA,PyPSA,High (0.5-0.7)
https://github.com/Breakthrough-Energy/REISE.jl,0.29435,Breakthrough-Energy/REISE.jl,Breakthrough-Energy,REISE.jl,Low (0.1-0.3)
https://github.com/RWTH-EBC/TEASER,0.46316,RWTH-EBC/TEASER,RWTH-EBC,TEASER,Medium (0.3-0.5)
https://github.com/fraukewiese/renpass,0.16419,fraukewiese/renpass,fraukewiese,renpass,Low (0.1-0.3)
